{
  "LogisticRegression": {
    "accuracy": 0.7055,
    "precision": 0.2626825936363832,
    "recall": 0.7,
    "f1": 0.3818962400418933,
    "roc_auc": 0.7766246684350133
  },
  "RandomForest": {
    "accuracy": 0.834,
    "precision": 0.2980061067579002,
    "recall": 0.20384615384615384,
    "f1": 0.24132367854761866,
    "roc_auc": 0.7318799734748012
  },
  "XGBoost": {
    "accuracy": 0.835,
    "precision": 0.28347222222222224,
    "recall": 0.1769230769230769,
    "f1": 0.21769612501319818,
    "roc_auc": 0.7143236074270557
  },
  "NeuralNetwork": {
    "accuracy": 0.8030000000000002,
    "precision": 0.24717100078802207,
    "recall": 0.25,
    "f1": 0.2483287883834525,
    "roc_auc": 0.6773983200707339
  }
}
