{
  "LogisticRegression": {
    "accuracy": 0.6960000000000001,
    "precision": 0.26081039264492506,
    "recall": 0.7307692307692308,
    "f1": 0.38432794882886745,
    "roc_auc": 0.7770114942528735
  },
  "RandomForest": {
    "accuracy": 0.8654999999999999,
    "precision": 0.20571428571428568,
    "recall": 0.023076923076923078,
    "f1": 0.04139161462979483,
    "roc_auc": 0.7149701591511936
  },
  "XGBoost": {
    "accuracy": 0.8564999999999999,
    "precision": 0.34155535898569955,
    "recall": 0.11153846153846154,
    "f1": 0.1675552492321373,
    "roc_auc": 0.6996352785145888
  },
  "NeuralNetwork": {
    "accuracy": 0.818,
    "precision": 0.2285844513243894,
    "recall": 0.16538461538461538,
    "f1": 0.1916784413634875,
    "roc_auc": 0.6750331564986737
  }
}
