{
  "best_params": {
    "n_estimators": 137,
    "max_depth": 3,
    "learning_rate": 0.011622981696891202,
    "subsample": 0.7265541781595057,
    "colsample_bytree": 0.8873561793783167
  },
  "best_roc_auc": 0.7666114058355438
}
