{
  "best_roc_auc": 0.7708830680813439,
  "best_params": {
    "n_estimators": 227,
    "max_depth": 2,
    "learning_rate": 0.010027604348429793,
    "subsample": 0.6886301293802815,
    "colsample_bytree": 0.6829348860282082,
    "min_child_weight": 7,
    "gamma": 4.431949724097234,
    "objective": "binary:logistic",
    "eval_metric": "auc",
    "random_state": 42,
    "n_jobs": -1
  }
}
